St. Stephen,Hell In A Bucket,Cold Rain And Snow,Loose Lucy,Queen Jane Approximately,Brown-Eyed Women,Big Railroad Blues,Sugaree,Estimated Prophet,Dark Star,The Other One,Days Between,China Cat Sunflower,I Know You Rider,Brokedown Palace,,,,,,,
The Music Never Stopped,Cold Rain And Snow,Friend Of The Devil,They Love Each Other,Liberty,Cassidy,Promised Land,Eyes Of The World,Deal,Estimated Prophet,Feel Like A Stranger,Black Peter,Turn On Your Lovelight,,,,,,,,,
Jam,Truckin,Smokestack Lightning,Bertha,Playing In The Band,Bird Song,Tennessee Jed,Shakedown Street,Passenger,Casey Jones,Help On The Way,Slipknot!,Scarlet Begonias,Fire On The Mountain,Terrapin Station,The Other One,Wharf Rat,Franklins Tower,Touch Of Grey,,,
Hell In A Bucket,Brown-Eyed Women,Me & My Uncle,Big River,Sugaree,Jack Straw,Mississippi Half-Step Uptown Toodeloo,Box Of Rain,Viola Lee Blues,Uncle Johns Band,China Cat Sunflower,I Know You Rider,Stella Blue,Sugar Magnolia,US Blues,,,,,,,
Minglewood Blues,Cumberland Blues,Ramble On Rose,Black-Throated Wind,Althea,Lost Sailor,Saint Of Circumstance,Dark Star,A Hard Rains Gonna Fall,Hes Gone,New Speedway Boogie,St. Stephen,Looks Like Rain,Going Down The Road Feelin Bad,Black Muddy River,,,,,,,
Bertha,Shakedown Street,West La Fadeaway,Row Jimmy,Crazy Fingers,I Need A Miracle,Big Railroad Blues,Playing In The Band,The Wheel,Eyes Of The World,Standing On The Moon,Let It Grow,All Along The Watchtower,Morning Dew,Not Fade Away,Ripple,,,,,,
Feel Like A Stranger,Here Comes Sunshine,Brown-Eyed Women,Loser,Little Red Rooster,Cassidy,Deal,"Iko, Iko",Estimated Prophet,China Cat Sunflower,I Know You Rider,Uncle Johns Band,Days Between,Good Lovin,Brokedown Palace,Johnny B. Goode,,,,,,
Cold Rain And Snow,New Speedway Boogie,El Paso,They Love Each Other,Candyman,Bird Song,Dont Ease Me In,Lost Sailor,Saint Of Circumstance,Viola Lee Blues,Terrapin Station,Dear Prudence,Sugar Magnolia,Black Muddy River,,,,,,,,
Shakedown Street,Jack Straw,Althea,Loose Lucy,Ramble On Rose,Sugaree,Passenger,Casey Jones,Dark Star,Friend Of The Devil,Scarlet Begonias,Fire On The Mountain,The Other One,Wharf Rat,Throwing Stones,Ripple,One More Saturday Night,,,,,
St. Stephen,The Music Never Stopped,Bertha,Black-Throated Wind,Peggy-O,Box Of Rain,Going Down The Road Feelin Bad,Truckin,Hes Gone,Help On The Way,Slipknot!,Franklins Tower,Days Between,China Cat Sunflower,I Know You Rider,Samson And Delilah,,,,,,
Hell In A Bucket,Cold Rain And Snow,Queen Jane Approximately,Big River,Row Jimmy,Mississippi Half-Step Uptown Toodeloo,Cumberland Blues,Estimated Prophet,Eyes Of The World,Deal,Viola Lee Blues,The Wheel,Black Peter,US Blues,Touch Of Grey,,,,,,,
Bertha,Good Lovin,Tennessee Jed,Cold Rain And Snow,Even So,Uncle Johns Band,One More Saturday Night,Scarlet Begonias,Fire On The Mountain,Saint Of Circumstance,Terrapin Station,Stella Blue,Throwing Stones,Not Fade Away,Black Muddy River,,,,,,,
Feel Like A Stranger,Next Time You See Me,Samson And Delilah,West La Fadeaway,Bird Song,New Speedway Boogie,China Cat Sunflower,I Know You Rider,Hes Gone,Smokestack Lightning,Let It Grow,Dark Star,Morning Dew,Brokedown Palace,US Blues,,,,,,,
Jack Straw,Big Boss Man,When I Paint My Masterpiece,Friend Of The Devil,New Minglewood Blues,Sugaree,Dont Ease Me In,Playing In The Band,Estimated Prophet,Cumberland Blues,Truckin,The Wheel,Dear Prudence,Casey Jones,Johnny B. Goode,,,,,,,
Cassidy,Brown-Eyed Women,I Need A Miracle,Dire Wolf,Ramble On Rose,Box Of Rain,The Music Never Stopped,Deal,Eyes Of The World,St. Stephen,The Other One,A Hard Rains Gonna Fall,Help On The Way,Slipknot!,Franklins Tower,One More Saturday Night,Knockin On Heavens Door,,,,,
Samson And Delilah,Mississippi Half-Step Uptown Toodeloo,Loose Lucy,Standing On The Moon,Crazy Fingers,Althea,Going Down The Road Feelin Bad,Sugar Magnolia,Viola Lee Blues,Scarlet Begonias,Fire On The Mountain,Wharf Rat,Sunshine Daydream,Ripple,Touch Of Grey,,,,,,,
Hell In A Bucket,Bertha,Liberty,Maggies Farm,Cold Rain And Snow,Looks Like Rain,Row Jimmy,Throwing Stones,Shakedown Street,Uncle Johns Band,All Along The Watchtower,China Cat Sunflower,I Know You Rider,Black Peter,Johnny B. Goode,In The Midnight Hour,,,,,,
Jack Straw,The Music Never Stopped,Next Time You See Me,Loser,Peggy-O,Help On The Way,Slipknot!,Franklins Tower,St. Stephen,Dark Star,Terrapin Station,Morning Dew,Casey Jones,Black Muddy River,US Blues,,,,,,,
Truckin,Big River,They Love Each Other,Deal,Bird Song,Passenger,Going Down The Road Feelin Bad,Playing In The Band,Estimated Prophet,Hes Gone,Sugaree,Fire On The Mountain,Days Between,Not Fade Away,One More Saturday Night,,,,,,,
Feel Like A Stranger,Easy Wind,Me & My Uncle,Tennessee Jed,West La Fadeaway,Lost Sailor,Saint Of Circumstance,Dont Ease Me In,Here Comes Sunshine,China Cat Sunflower,I Know You Rider,Viola Lee Blues,Dear Prudence,The Wheel,Sugar Magnolia,Ripple,,,,,,
Touch Of Grey,Hell In A Bucket,Dire Wolf,When I Paint My Masterpiece,Cassidy,Brown-Eyed Women,Ramble On Rose,Next Time You See Me,One More Saturday Night,Eyes Of The World,New Speedway Boogie,Cumberland Blues,Shakedown Street,Uncle Johns Band,Wharf Rat,Casey Jones,Knockin On Heavens Door,,,,,
Cold Rain And Snow,Jack Straw,Bertha,Black-Throated Wind,Loose Lucy,Big Boss Man,Mississippi Half-Step Uptown Toodeloo,Deal,Scarlet Begonias,Fire On The Mountain,Dark Star,The Other One,Stella Blue,US Blues,Brokedown Palace,Johnny B. Goode,,,,,,
"Iko, Iko",New Minglewood Blues,Candyman,Big River,Friend Of The Devil,Even So,Sugaree,The Music Never Stopped,Truckin,Althea,Estimated Prophet,Playing In The Band,Going Down The Road Feelin Bad,A Hard Rains Gonna Fall,Throwing Stones,Black Muddy River,,,,,,
Uncle Johns Band,Tennessee Jed,Easy Wind,Ramble On Rose,Row Jimmy,Loser,Touch Of Grey,Lost Sailor,Saint Of Circumstance,Hes Gone,China Cat Sunflower,I Know You Rider,New Speedway Boogie,Morning Dew,Casey Jones,Ripple,,,,,,
Help On The Way,Slipknot!,Shakedown Street,Cassidy,Standing On The Moon,Me & My Uncle,Brown-Eyed Women,Franklins Tower,Dark Star,St. Stephen,Eyes Of The World,Terrapin Station,Days Between,Not Fade Away,US Blues,Brokedown Palace,,,,,,
The Music Never Stopped,Dire Wolf,Jack Straw,Loser,Friend Of The Devil,Brown-Eyed Women,Bird Song,Playing In The Band,Deal,China Cat Sunflower,I Know You Rider,The Other One,Black Peter,One More Saturday Night,Knockin On Heavens Door,,,,,,,
Feel Like A Stranger,Bertha,New Minglewood Blues,Cassidy,Peggy-O,Loose Lucy,Sugaree,Samson And Delilah,Lost Sailor,Saint Of Circumstance,Crazy Fingers,Scarlet Begonias,Fire On The Mountain,Dear Prudence,Casey Jones,Touch Of Grey,,,,,,
Shakedown Street,Cold Rain And Snow,Black-Throated Wind,Ramble On Rose,Cumberland Blues,Althea,Promised Land,Truckin,Hes Gone,Help On The Way,Slipknot!,Franklins Tower,Stella Blue,Sugar Magnolia,Ripple,,,,,,,
Hell In A Bucket,Next Time You See Me,West La Fadeaway,Mississippi Half-Step Uptown Toodeloo,Little Red Rooster,Uncle Johns Band,New Speedway Boogie,US Blues,Estimated Prophet,St. Stephen,Terrapin Station,Dark Star,Morning Dew,Not Fade Away,,,,,,,,
Playing In The Band,Viola Lee Blues,Tennessee Jed,Here Comes Sunshine,Candyman,Me & My Uncle,Friend Of The Devil,One More Saturday Night,China Cat Sunflower,I Know You Rider,China Doll,Eyes Of The World,Deal,The Wheel,Looks Like Rain,Good Lovin,Black Muddy River,,,,,
Samson And Delilah,Brown-Eyed Women,El Paso,They Love Each Other,Cassidy,Bird Song,Dont Ease Me In,Help On The Way,Slipknot!,Franklins Tower,Scarlet Begonias,Fire On The Mountain,The Other One,A Hard Rains Gonna Fall,Casey Jones,Brokedown Palace,,,,,,
Feel Like A Stranger,I Need A Miracle,Wang Dang Doodle,Row Jimmy,When I Paint My Masterpiece,Jack Straw,Big Boss Man,Sugaree,Promised Land,Lost Sailor,Saint Of Circumstance,Hes Gone,Crazy Fingers,Shakedown Street,Standing On The Moon,Going Down The Road Feelin Bad,US Blues,,,,,
Dancing In The Streets,Cold Rain And Snow,Hell In A Bucket,Big River,Althea,New Speedway Boogie,The Music Never Stopped,Ripple,St. Stephen,Estimated Prophet,Eyes Of The World,Deal,Let It Grow,The Other One,Morning Dew,Touch Of Grey,,,,,,
Truckin,Smokestack Lightning,Bertha,Ramble On Rose,Friend Of The Devil,Loser,Brown-Eyed Women,Turn On Your Lovelight,Help On The Way,Slipknot!,Franklins Tower,China Doll,Dark Star,Stella Blue,China Cat Sunflower,I Know You Rider,One More Saturday Night,,,,,
Scarlet Begonias,Shakedown Street,Dire Wolf,Tennessee Jed,They Love Each Other,Black-Throated Wind,Mississippi Half-Step Uptown Toodeloo,Here Comes Sunshine,Playing In The Band,Uncle Johns Band,Terrapin Station,Milestones,Days Between,Sugar Magnolia,Knockin On Heavens Door,,,,,,,
Feel Like A Stranger,Easy Wind,Cassidy,West La Fadeaway,Row Jimmy,Cumberland Blues,Throwing Stones,Jack Straw,Viola Lee Blues,Hes Gone,The Wheel,The Other One,Wharf Rat,Casey Jones,Liberty,,,,,,,
The Music Never Stopped,Cold Rain And Snow,Me & My Uncle,Big Boss Man,Ramble On Rose,Sugaree,Passenger,Dancing In The Streets,Help On The Way,Slipknot!,Estimated Prophet,Eyes Of The World,I Need A Miracle,Standing On The Moon,Franklins Tower,Black Muddy River,One More Saturday Night,,,,,
Samson And Delilah,Brown-Eyed Women,Big River,Candyman,Let It Grow,Friend Of The Devil,Dark Star,Ripple,Truckin,Fire On The Mountain,St. Stephen,Days Between,Not Fade Away,Brokedown Palace,,,,,,,,
Hell In A Bucket,Next Time You See Me,Loose Lucy,Mississippi Half-Step Uptown Toodeloo,Looks Like Rain,Dire Wolf,Lost Sailor,Saint Of Circumstance,China Cat Sunflower,Deal,China Doll,Terrapin Station,All Along The Watchtower,Black Peter,I Know You Rider,Going Down The Road Feelin Bad,,,,,,
Shakedown Street,Uncle Johns Band,New Minglewood Blues,Althea,Peggy-O,Bertha,Women Are Smarter,Playing In The Band,New Speedway Boogie,Hes Gone,Fire On The Mountain,A Hard Rains Gonna Fall,Throwing Stones,US Blues,Liberty,,,,,,,
Dancing In The Streets,Jack Straw,Here Comes Sunshine,Tennessee Jed,Cold Rain And Snow,Bird Song,One More Saturday Night,Scarlet Begonias,Viola Lee Blues,Estimated Prophet,Comes A Time,Eyes Of The World,The Other One,Morning Dew,Touch Of Grey,Johnny B. Goode,,,,,,
Feel Like A Stranger,Brown-Eyed Women,Ramble On Rose,They Love Each Other,Little Red Rooster,Big Boss Man,Cumberland Blues,Casey Jones,"Iko, Iko",Deal,Help On The Way,Slipknot!,Franklins Tower,The Wheel,Stella Blue,Sugar Magnolia,Brokedown Palace,,,,,
Hell In A Bucket,Mississippi Half-Step Uptown Toodeloo,Black-Throated Wind,Row Jimmy,Big River,Cassidy,Big Railroad Blues,China Cat Sunflower,I Know You Rider,Hes Gone,Truckin,I Need A Miracle,Wharf Rat,Good Lovin,Black Muddy River,,,,,,,
The Music Never Stopped,Bertha,Me & My Uncle,Sugaree,Let It Grow,Uncle Johns Band,Shakedown Street,Dark Star,St. Stephen,China Doll,Terrapin Station,Standing On The Moon,Help On The Way,Slipknot!,Franklins Tower,Ripple,US Blues,,,,,
Cold Rain And Snow,Jack Straw,Tennessee Jed,Ship Of Fools,Dark Star,Friend Of The Devil,Althea,Casey Jones,Sugar Magnolia,Dancing In The Streets,Playing In The Band,Comes A Time,Scarlet Begonias,Fire On The Mountain,The Other One,Days Between,Not Fade Away,Brokedown Palace,Sunshine Daydream,,,
Shakedown Street,Greatest Story Ever Told,Bertha,Cassidy,Beat It On Down The Line,They Love Each Other,Cumberland Blues,China Cat Sunflower,I Know You Rider,Ship Of Fools,Terrapin Station,Standing On The Moon,The Other One,Casey Jones,Samson And Delilah,Werewolves Of London,,,,,,
Hell In A Bucket,Cold Rain And Snow,Me & My Uncle,Brown-Eyed Women,Tennessee Jed,Bird Song,Women Are Smarter,Help On The Way,Slipknot!,Franklins Tower,China Doll,Estimated Prophet,A Love Supreme,Stella Blue,St. Stephen,Not Fade Away,US Blues,,,,,
Dancing In The Streets,Ramble On Rose,Row Jimmy,Friend Of The Devil,New Minglewood Blues,West La Fadeaway,Let It Grow,Dark Star,Truckin,Smokestack Lightning,Deal,Eyes Of The World,Dear Prudence,Uncle Johns Band,Going Down The Road Feelin Bad,Black Muddy River,,,,,,
Jack Straw,New Speedway Boogie,Althea,Mississippi Half-Step Uptown Toodeloo,Big River,Sugaree,The Music Never Stopped,Scarlet Begonias,Fire On The Mountain,Hes Gone,Viola Lee Blues,Milestones,Wharf Rat,The Wheel,Sugar Magnolia,Ripple,,,,,,
Samson And Delilah,Dire Wolf,Cold Rain And Snow,Loser,Corrina,Here Comes Sunshine,Greatest Story Ever Told,China Cat Sunflower,I Know You Rider,Comes A Time,Playing In The Band,Morning Dew,I Need A Miracle,Casey Jones,Brokedown Palace,,,,,,,
Feel Like A Stranger,Bertha,Black-Throated Wind,Tennessee Jed,Ship Of Fools,Cassidy,Deal,Help On The Way,Slipknot!,Franklins Tower,Looks Like Rain,Terrapin Station,Days Between,Throwing Stones,Touch Of Grey,,,,,,,
"Iko, Iko",Shakedown Street,They Love Each Other,Loose Lucy,Friend Of The Devil,Bird Song,Estimated Prophet,Eyes Of The World,China Doll,The Other One,Spanish Jam,Black Peter,Uncle Johns Band,US Blues,Knockin On Heavens Door,,,,,,,
Dancing In The Streets,Jack Straw,Brown-Eyed Women,Ramble On Rose,Deep Elem Blues,Beat It On Down The Line,Sugaree,New Speedway Boogie,Dark Star,Scarlet Begonias,Fire On The Mountain,A Hard Rains Gonna Fall,The Wheel,Not Fade Away,Casey Jones,,,,,,,
Cold Rain And Snow,The Music Never Stopped,Row Jimmy,Me & My Uncle,Cumberland Blues,Althea,One More Saturday Night,St. Stephen,Hes Gone,China Cat Sunflower,If I Had The World To Give,I Know You Rider,Stella Blue,All Along The Watchtower,Sugar Magnolia,Ripple,,,,,,
Hell In A Bucket,Bertha,Peggy-O,When I Paint My Masterpiece,Greatest Story Ever Told,Ship Of Fools,Mississippi Half-Step Uptown Toodeloo,Let It Grow,The Weight,Playing In The Band,Uncle Johns Band,Terrapin Station,Standing On The Moon,I Need A Miracle,Going Down The Road Feelin Bad,Black Muddy River,,,,,,
Truckin,Smokestack Lightning,Feel Like A Stranger,Dire Wolf,Loser,Cassidy,Bird Song,Deal,Help On The Way,Slipknot!,Franklins Tower,Comes A Time,Viola Lee Blues,Wharf Rat,Throwing Stones,US Blues,Brokedown Palace,,,,,
Shakedown Street,Brown-Eyed Women,Deep Elem Blues,Friend Of The Devil,El Paso,They Love Each Other,The Music Never Stopped,Easy Answers,Here Comes Sunshine,Scarlet Begonias,Fire On The Mountain,Eyes Of The World,Dear Prudence,The Wheel,Casey Jones,Knockin On Heavens Door,,,,,,
Jack Straw,Cold Rain And Snow,New Minglewood Blues,Next Time You See Me,Ramble On Rose,If I Had The World To Give,Sugaree,China Cat Sunflower,I Know You Rider,Dark Star,The Other One,Uncle Johns Band,St. Stephen,Morning Dew,One More Saturday Night,,,,,,,
Playing In The Band,Me & My Uncle,Hes Gone,Cassidy,Brown-Eyed Women,Bertha,Good Lovin,Scarlet Begonias,Fire On The Mountain,Althea,Estimated Prophet,Eyes Of The World,Looks Like Rain,Casey Jones,The Weight,,,,,,,
Shakedown Street,Cold Rain And Snow,Loser,Jack Straw,Easy Wind,Tennessee Jed,Sugaree,Ripple,Viola Lee Blues,China Cat Sunflower,I Know You Rider,Comes A Time,Deal,Standing On The Moon,The Wheel,Sugar Magnolia,One More Saturday Night,,,,,
Samson And Delilah,Mississippi Half-Step Uptown Toodeloo,They Love Each Other,Greatest Story Ever Told,If I Had The World To Give,Ramble On Rose,Bird Song,St. Stephen,Franklins Tower,US Blues,Terrapin Station,The Other One,Morning Dew,Not Fade Away,Brokedown Palace,Playing In The Band,,,,,,
Feel Like A Stranger,The Music Never Stopped,Cold Rain And Snow,Peggy-O,Friend Of The Devil,Smokestack Lightning,Bertha,Sugaree,Scarlet Begonias,Fire On The Mountain,Truckin,Ship Of Fools,Uncle Johns Band,Stella Blue,One More Saturday Night,Werewolves Of London,,,,,,
Shakedown Street,Cassidy,Comes A Time,They Love Each Other,Bird Song,New Speedway Boogie,Deal,The Weight,Help On The Way,Slipknot!,Eyes Of The World,Dark Star,Days Between,Throwing Stones,Touch Of Grey,,,,,,,
St. Stephen,Hell In A Bucket,Next Time You See Me,Ramble On Rose,Row Jimmy,Loose Lucy,Brown-Eyed Women,The Wheel,China Cat Sunflower,I Know You Rider,Althea,Estimated Prophet,Terrapin Station,Wharf Rat,Casey Jones,US Blues,,,,,,
Shakedown Street,Alabama Getaway,Its All Over Now,Brown-Eyed Women,Tennessee Jed,Bird Song,Loose Lucy,Scarlet Begonias,Fire On The Mountain,Althea,Estimated Prophet,Eyes Of The World,Stella Blue,Touch Of Grey,,,,,,,,
Jack Straw,Cold Rain And Snow,Deep Elem Blues,Jack A Roe,Loser,Bertha,Cassidy,Not Fade Away,Dark Star,St. Stephen,Black Muddy River,The Wheel,Wharf Rat,Ripple,,,,,,,,
Hell In A Bucket,It Hurts Me Too,Cumberland Blues,Ship Of Fools,Ramble On Rose,The Weight,The Music Never Stopped,Easy Answers,Playing In The Band,Uncle Johns Band,,,,,,,,,,,,
Truckin,Big River,They Love Each Other,Friend Of The Devil,If I Had The World To Give,Sugaree,New Speedway Boogie,Deal,Hes Gone,China Cat Sunflower,I Know You Rider,A Hard Rains Gonna Fall,Going Down The Road Feelin Bad,US Blues,Knockin On Heavens Door,,,,,,,
The Other One,Dire Wolf,Feel Like A Stranger,Row Jimmy,Mississippi Half-Step Uptown Toodeloo,Comes A Time,Viola Lee Blues,Help On The Way,Slipknot!,Franklins Tower,Terrapin Station,Standing On The Moon,Sugar Magnolia,Casey Jones,,,,,,,,
"Iko, Iko",I Need A Miracle,Alabama Getaway,Black-Throated Wind,West La Fadeaway,Brown-Eyed Women,Lost Sailor,Saint Of Circumstance,Here Comes Sunshine,Eyes Of The World,Althea,Scarlet Begonias,Fire On The Mountain,All Along The Watchtower,Morning Dew,Johnny B. Goode,,,,,,
Cold Rain And Snow,Greatest Story Ever Told,Peggy-O,Mexicali Blues,Tennessee Jed,Bird Song,Bertha,Throwing Stones,Deal,Estimated Prophet,Playing In The Band,The Wheel,Dear Prudence,One More Saturday Night,Ripple,,,,,,,
Jack Straw,Easy Wind,Friend Of The Devil,New Minglewood Blues,Ship Of Fools,Corrina,Cassidy,The Weight,Truckin,Hes Gone,New Speedway Boogie,Uncle Johns Band,Black Peter,Good Lovin,Touch Of Grey,,,,,,,
Hell In A Bucket,Next Time You See Me,Ramble On Rose,When I Paint My Masterpiece,Cumberland Blues,Black Muddy River,Dont Ease Me In,Feel Like A Stranger,Viola Lee Blues,China Cat Sunflower,I Know You Rider,Women Are Smarter,Looks Like Rain,Not Fade Away,Brokedown Palace,,,,,,,
Shakedown Street,Alabama Getaway,Loser,It Hurts Me Too,Me & My Uncle,Sugaree,The Music Never Stopped,Easy Answers,A Love Supreme,The Other One,Estimated Prophet,Althea,Terrapin Station,Days Between,US Blues,Going Down The Road Feelin Bad,,,,,,
Sugar Magnolia,Mississippi Half-Step Uptown Toodeloo,Peggy-O,Bertha,Comes A Time,Jack A Roe,Bird Song,New Speedway Boogie,Help On The Way,Slipknot!,Franklins Tower,St. Stephen,William Tell Bridge,The Eleven,Eyes Of The World,Stella Blue,Sunshine Daydream,One More Saturday Night,,,,
Cold Rain And Snow,Tennessee Jed,Dire Wolf,Queen Jane Approximately,If I Had The World To Give,Here Comes Sunshine,Little Red Rooster,Let It Grow,"Iko, Iko",Dark Star,Truckin,Smokestack Lightning,Deal,Wharf Rat,Casey Jones,Werewolves Of London,,,,,,
Feel Like A Stranger,They Love Each Other,Its All Over Now,Row Jimmy,West La Fadeaway,Loose Lucy,Ship Of Fools,Passenger,Lost Sailor,Saint Of Circumstance,Hes Gone,Scarlet Begonias,Fire On The Mountain,I Need A Miracle,Dear Prudence,Throwing Stones,Knockin On Heavens Door,,,,,
Hell In A Bucket,Brown-Eyed Women,Greatest Story Ever Told,Deep Elem Blues,Even So,Ramble On Rose,Cassidy,Touch Of Grey,Viola Lee Blues,Estimated Prophet,Uncle Johns Band,China Doll,The Wheel,A Hard Rains Gonna Fall,Going Down The Road Feelin Bad,Ripple,,,,,,
The Music Never Stopped,Easy Answers,Alabama Getaway,Big River,Jack Straw,Black Muddy River,Friend Of The Devil,Bird Song,The Weight,Shakedown Street,Althea,China Cat Sunflower,I Know You Rider,All Along The Watchtower,Standing On The Moon,Sugar Magnolia,One More Saturday Night,,,,,
Mississippi Half-Step Uptown Toodeloo,Bertha,Tennessee Jed,Mr. Charlie,Loser,Crazy Fingers,Cumberland Blues,Playing In The Band,Eyes Of The World,Comes A Time,Terrapin Station,New Speedway Boogie,Black Peter,US Blues,,,,,,,,
Deal,Me & My Uncle,Here Comes Sunshine,Black-Throated Wind,Cold Rain And Snow,Peggy-O,Sugaree,One More Saturday Night,Dark Star,El Paso,St. Stephen,William Tell Bridge,The Eleven,Morning Dew,Turn On Your Lovelight,Brokedown Palace,,,,,,
Feel Like A Stranger,Dancing In The Streets,It Hurts Me Too,If I Had The World To Give,Corrina,They Love Each Other,Throwing Stones,Lost Sailor,Saint Of Circumstance,Hes Gone,Help On The Way,Slipknot!,Franklins Tower,The Other One,Wharf Rat,Not Fade Away,Touch Of Grey,,,,,
"Iko, Iko",Alabama Getaway,New Minglewood Blues,Brown-Eyed Women,Cassidy,Ship Of Fools,Let It Grow,China Cat Sunflower,Althea,Viola Lee Blues,I Know You Rider,The Other One,Days Between,Casey Jones,Ripple,,,,,,,
Hell In A Bucket,Big Boss Man,Tennessee Jed,Row Jimmy,Friend Of The Devil,Bird Song,Loose Lucy,Mr. Charlie,Truckin,New Speedway Boogie,Estimated Prophet,Shakedown Street,I Need A Miracle,Dear Prudence,US Blues,Knockin On Heavens Door,,,,,,
Playing In The Band,Bertha,Jack Straw,Big Railroad Blues,Peggy-O,Ramble On Rose,Cumberland Blues,Deal,Sugar Magnolia,Scarlet Begonias,Fire On The Mountain,Althea,Eyes Of The World,Stella Blue,Sunshine Daydream,Brokedown Palace,Not Fade Away,,,,,
Mississippi Half-Step Uptown Toodeloo,Crazy Fingers,Dire Wolf,Big River,They Love Each Other,West La Fadeaway,The Music Never Stopped,Easy Answers,Here Comes Sunshine,Uncle Johns Band,Looks Like Rain,Help On The Way,Slipknot!,Franklins Tower,The Wheel,A Hard Rains Gonna Fall,Good Lovin,Johnny B. Goode,,,,
"Iko, Iko",Cold Rain And Snow,Black-Throated Wind,Bertha,Greatest Story Ever Told,Comes A Time,Lost Sailor,Saint Of Circumstance,Deal,The Weight,Terrapin Station,St. Stephen,William Tell Bridge,The Eleven,All Along The Watchtower,Black Peter,Throwing Stones,Liberty,US Blues,,,
China Cat Sunflower,I Know You Rider,Shakedown Street,Brown-Eyed Women,Althea,Cassidy,One More Saturday Night,Scarlet Begonias,Franklins Tower,Fire On The Mountain,Hes Gone,The Other One,Days Between,Sugar Magnolia,Uncle Johns Band,Ripple,,,,,,
Hell In A Bucket,Scarlet Begonias,Brown-Eyed Women,Ramble On Rose,Alabama Getaway,Cassidy,Deal,Help On The Way,Slipknot!,Fire On The Mountain,China Cat Sunflower,I Know You Rider,The Other One,Wharf Rat,Franklins Tower,The Weight,One More Saturday Night,,,,,
Playing In The Band,Uncle Johns Band,Loser,Mr. Charlie,Tennessee Jed,Althea,Sugar Magnolia,Shakedown Street,Bird Song,Eyes Of The World,Terrapin Station,Morning Dew,Not Fade Away,Brokedown Palace,US Blues,Ripple,,,,,,
Shakedown Street,Mr. Charlie,Jack Straw,Friend Of The Devil,Here Comes Sunshine,New Speedway Boogie,Bird Song,China Cat Sunflower,Cumberland Blues,I Know You Rider,Terrapin Station,Stella Blue,Help On The Way,Slipknot!,Franklins Tower,Ripple,,,,,,
Deal,Hell In A Bucket,Cold Rain And Snow,Ramble On Rose,Alabama Getaway,Peggy-O,China Doll,One More Saturday Night,Estimated Prophet,Hes Gone,St. Stephen,William Tell Bridge,The Eleven,Uncle Johns Band,Morning Dew,Turn On Your Lovelight,,,,,,
Sugar Magnolia,Bertha,Good Lovin,Brown-Eyed Women,Loser,Sugaree,US Blues,Sunshine Daydream,Scarlet Begonias,Fire On The Mountain,Dark Star,Althea,Playing In The Band,The Other One,Standing On The Moon,Casey Jones,Eyes Of The World,Werewolves Of London,,,,
Playing In The Band,Shakedown Street,Brown-Eyed Women,Mama Tried,Peggy-O,It Hurts Me Too,Black-Throated Wind,Casey Jones,Scarlet Begonias,Fire On The Mountain,Althea,Estimated Prophet,Eyes Of The World,The Wheel,Wharf Rat,Sugar Magnolia,The Weight,,,,,
Bertha,Good Lovin,They Love Each Other,Big River,Mr. Charlie,Tennessee Jed,Lost Sailor,Saint Of Circumstance,China Cat Sunflower,I Know You Rider,Row Jimmy,Deal,The Other One,My Favorite Things,Morning Dew,Uncle Johns Band,Playing In The Band,,,,,
Cold Rain And Snow,Hell In A Bucket,Easy Wind,Mississippi Half-Step Uptown Toodeloo,High Time,Jack Straw,Bird Song,Dont Ease Me In,"Iko, Iko",New Speedway Boogie,Sugaree,Help On The Way,Slipknot!,Franklins Tower,Stella Blue,Not Fade Away,Terrapin Station,,,,,
Shakedown Street,Friend Of The Devil,Alabama Getaway,Ramble On Rose,Brown-Eyed Women,Cassidy,Fire On The Mountain,Estimated Prophet,Truckin,Hes Gone,St. Stephen,Turn On Your Lovelight,Standing On The Moon,US Blues,Brokedown Palace,,,,,,,
Feel Like A Stranger,Cumberland Blues,Dire Wolf,Loser,Loose Lucy,Must Have Been The Roses,The Music Never Stopped,Here Comes Sunshine,Dark Star,Scarlet Begonias,China Doll,Eyes Of The World,Black Peter,Casey Jones,Ripple,,,,,,,
Bertha,Me & My Uncle,They Love Each Other,I Need A Miracle,Comes A Time,Throwing Stones,Terrapin Station,Playing In The Band,Uncle Johns Band,Deal,Viola Lee Blues,The Wheel,A Hard Rains Gonna Fall,One More Saturday Night,Touch Of Grey,,,,,,,
Cold Rain And Snow,"Iko, Iko",New Minglewood Blues,Tennessee Jed,Sugaree,Looks Like Rain,Row Jimmy,Let It Grow,Fire On The Mountain,Lost Sailor,Saint Of Circumstance,Hes Gone,Truckin,Smokestack Lightning,All Along The Watchtower,Stella Blue,Going Down The Road Feelin Bad,Black Muddy River,,,,
The Other One,Mississippi Half-Step Uptown Toodeloo,To Lay Me Down,Brown-Eyed Women,Ramble On Rose,It Hurts Me Too,Bird Song,Jack Straw,China Cat Sunflower,I Know You Rider,Althea,St. Stephen,William Tell Bridge,The Eleven,Days Between,Not Fade Away,Knockin On Heavens Door,,,,,
Terrapin Station,Sugar Magnolia,Mr. Charlie,High Time,Friend Of The Devil,Bertha,Mama Tried,Turn On Your Lovelight,Scarlet Begonias,New Speedway Boogie,Help On The Way,Slipknot!,Franklins Tower,The Other One,Standing On The Moon,Sunshine Daydream,Ripple,One More Saturday Night,,,,
Feel Like A Stranger,Hell In A Bucket,Alabama Getaway,When I Paint My Masterpiece,Must Have Been The Roses,Cumberland Blues,Cassidy,US Blues,Here Comes Sunshine,Shakedown Street,Wharf Rat,Playing In The Band,Uncle Johns Band,Viola Lee Blues,Dear Prudence,Casey Jones,In The Midnight Hour,,,,,
The Music Never Stopped,Dancing In The Streets,Row Jimmy,Tennessee Jed,If I Had The World To Give,Brown-Eyed Women,Lost Sailor,Saint Of Circumstance,A Love Supreme,Truckin,Estimated Prophet,Ship Of Fools,China Cat Sunflower,I Know You Rider,Throwing Stones,Black Peter,Good Lovin,Touch Of Grey,,,,
Eyes Of The World,Deal,Black-Throated Wind,Easy Wind,Loser,Big Railroad Blues,Bird Song,Box Of Rain,Help On The Way,Slipknot!,Franklins Tower,Hes Gone,Dark Star,Stella Blue,Not Fade Away,Going Down The Road Feelin Bad,The Weight,,,,,
St. Stephen,Cold Rain And Snow,Samson And Delilah,High Time,They Love Each Other,Ramble On Rose,Sugaree,Jack Straw,Terrapin Station,Althea,Scarlet Begonias,Fire On The Mountain,The Wheel,The Other One,Morning Dew,Brokedown Palace,,,,,,
Shakedown Street,Dire Wolf,Hell In A Bucket,Bertha,Friend Of The Devil,Peggy-O,Cumberland Blues,Throwing Stones,Here Comes Sunshine,Playing In The Band,China Doll,China Cat Sunflower,I Know You Rider,New Speedway Boogie,A Hard Rains Gonna Fall,US Blues,Ripple,,,,,
Truckin,Mississippi Half-Step Uptown Toodeloo,They Love Each Other,Brown-Eyed Women,To Lay Me Down,Mr. Charlie,Cassidy,Casey Jones,Deal,Dark Star,Estimated Prophet,Eyes Of The World,Wharf Rat,Sugar Magnolia,Touch Of Grey,,,,,,,
Scarlet Begonias,The Music Never Stopped,Alabama Getaway,Big River,West La Fadeaway,Tennessee Jed,Bird Song,Loose Lucy,The Other One,Franklins Tower,Crazy Fingers,Terrapin Station,Althea,Standing On The Moon,One More Saturday Night,Fire On The Mountain,,,,,,
Bertha,New Minglewood Blues,Row Jimmy,Deep Elem Blues,Friend Of The Devil,El Paso,Sugaree,Jack Straw,Shakedown Street,Uncle Johns Band,St. Stephen,William Tell Bridge,The Eleven,Black Peter,Good Lovin,Black Muddy River,,,,,,
Not Fade Away,Cold Rain And Snow,Bertha,Me & My Uncle,Ramble On Rose,Mississippi Half-Step Uptown Toodeloo,Cassidy,Deal,Box Of Rain,China Cat Sunflower,I Know You Rider,Terrapin Station,Casey Jones,The Other One,Morning Dew,The Weight,US Blues,,,,,
Scarlet Begonias,Fire On The Mountain,Brown-Eyed Women,Loser,They Love Each Other,Bird Song,New Speedway Boogie,Dont Ease Me In,Playing In The Band,Estimated Prophet,Franklins Tower,Eyes Of The World,Standing On The Moon,Althea,Days Between,Not Fade Away,Ripple,Brokedown Palace,,,,
Ripple,Shakedown Street,Bertha,Loser,They Love Each Other,Tennessee Jed,Terrapin Station,Playing In The Band,Truckin,Uncle Johns Band,China Doll,Eyes Of The World,The Wheel,Standing On The Moon,Sugar Magnolia,Werewolves Of London,,,,,,
Cold Rain And Snow,Hell In A Bucket,Row Jimmy,Ramble On Rose,Mississippi Half-Step Uptown Toodeloo,Mr. Charlie,Friend Of The Devil,Bird Song,Scarlet Begonias,Fire On The Mountain,Hes Gone,Smokestack Lightning,China Cat Sunflower,I Know You Rider,Althea,Morning Dew,The Weight,Brokedown Palace,,,,
Jack Straw,Deal,Peggy-O,Brown-Eyed Women,Looks Like Rain,Easy Wind,Cumberland Blues,Casey Jones,Here Comes Sunshine,St. Stephen,The Eleven,Comes A Time,Going Down The Road Feelin Bad,The Other One,Stella Blue,Not Fade Away,US Blues,,,,,
Feel Like A Stranger,New Speedway Boogie,Dire Wolf,When I Paint My Masterpiece,Sugaree,Cassidy,The Music Never Stopped,Help On The Way,Slipknot!,Franklins Tower,Dark Star,The Other One,Wharf Rat,Turn On Your Lovelight,Knockin On Heavens Door,,,,,,,
Bertha,Good Lovin,Shakedown Street,They Love Each Other,Black-Throated Wind,Mr. Charlie,Mississippi Half-Step Uptown Toodeloo,Throwing Stones,Althea,Estimated Prophet,Eyes Of The World,Terrapin Station,My Favorite Things,Days Between,China Cat Sunflower,I Know You Rider,Touch Of Grey,,,,,
Truckin,Big Railroad Blues,Hes Gone,Tennessee Jed,Friend Of The Devil,Bird Song,One More Saturday Night,Playing In The Band,Franklins Tower,Scarlet Begonias,Fire On The Mountain,Milestones,Uncle Johns Band,Black Peter,Sugar Magnolia,Ripple,,,,,,
Truckin,Alabama Getaway,Ramble On Rose,They Love Each Other,Me & My Uncle,Cassidy,Brown-Eyed Women,Dont Ease Me In,Playing In The Band,Terrapin Station,China Doll,The Other One,Wharf Rat,US Blues,Ripple,,,,,,,
Viola Lee Blues,Bertha,Jack Straw,Big Boss Man,Friend Of The Devil,West La Fadeaway,Lost Sailor,Saint Of Circumstance,China Cat Sunflower,I Know You Rider,Dark Star,Hes Gone,Althea,Morning Dew,One More Saturday Night,The Weight,,,,,,
Shakedown Street,Mississippi Half-Step Uptown Toodeloo,Cumberland Blues,It Hurts Me Too,High Time,Cold Rain And Snow,Bird Song,The Music Never Stopped,Deal,St. Stephen,William Tell Bridge,The Eleven,Turn On Your Lovelight,The Wheel,Stella Blue,Casey Jones,Mighty Quinn,,,,,
In The Midnight Hour,Big Railroad Blues,"Iko, Iko",Mr. Charlie,Loser,Tennessee Jed,Sugaree,New Speedway Boogie,Help On The Way,Slipknot!,Franklins Tower,Estimated Prophet,Eyes Of The World,Milestones,Standing On The Moon,Not Fade Away,Sugar Magnolia,Uncle Johns Band,Scarlet Begonias,Fire On The Mountain,Sunshine Daydream,Touch Of Grey
Not Fade Away,Hell In A Bucket,Row Jimmy,Peggy-O,Brown-Eyed Women,Ramble On Rose,Bird Song,Let It Grow,Deal,Dark Star,Estimated Prophet,Eyes Of The World,The Wheel,Standing On The Moon,Casey Jones,The Weight,,,,,,
Bertha,Good Lovin,Shakedown Street,High Time,Cold Rain And Snow,Black-Throated Wind,Sugaree,Mighty Quinn,Help On The Way,Slipknot!,St. Stephen,William Tell Bridge,The Eleven,Bass,Spanish Jam,New Speedway Boogie,Stella Blue,Franklins Tower,One More Saturday Night,,,
Playing In The Band,Uncle Johns Band,Dark Star,They Love Each Other,Me & My Uncle,Samson And Delilah,Terrapin Station,Scarlet Begonias,Fire On The Mountain,Hes Gone,China Cat Sunflower,I Know You Rider,Althea,Days Between,US Blues,Ripple,Not Fade Away,,,,,
Touch Of Grey,Shakedown Street,Deal,Tennessee Jed,Brown-Eyed Women,New Speedway Boogie,Playing In The Band,Truckin,Spoonful,Help On The Way,Slipknot!,Franklins Tower,The Wheel,Death Dont Have No Mercy,Not Fade Away,,,,,,,
Cold Rain And Snow,Feel Like A Stranger,Mr. Charlie,Friend Of The Devil,Dire Wolf,Liberty,Bird Song,Dont Ease Me In,Here Comes Sunshine,Cumberland Blues,Hes Gone,Scarlet Begonias,Fire On The Mountain,Black Peter,Sugar Magnolia,Black Muddy River,,,,,,
Let The Good Times Roll,Bertha,Good Lovin,Big Railroad Blues,Ramble On Rose,They Love Each Other,Cassidy,Casey Jones,Eyes Of The World,Uncle Johns Band,China Doll,China Cat Sunflower,I Know You Rider,Althea,Stella Blue,US Blues,The Weight,,,,,
Mississippi Half-Step Uptown Toodeloo,Alabama Getaway,Jack Straw,Franklins Tower,Estimated Prophet,Sugaree,Terrapin Station,The Other One,The Wheel,Morning Dew,One More Saturday Night,Brokedown Palace,,,,,,,,,,
Hell In A Bucket,Easy Wind,Loser,Brown-Eyed Women,Throwing Stones,Row Jimmy,Lost Sailor,Saint Of Circumstance,St. Stephen,Mama Tried,Dark Star,High Time,Turn On Your Lovelight,Deal,Standing On The Moon,Ripple,,,,,,
Viola Lee Blues,Cold Rain And Snow,Feel Like A Stranger,Ship Of Fools,Friend Of The Devil,Loose Lucy,New Speedway Boogie,Truckin,Playing In The Band,China Cat Sunflower,I Know You Rider,The Last Time,Uncle Johns Band,Wharf Rat,Knockin On Heavens Door,,,,,,,
Shakedown Street,Bertha,Peggy-O,Me & My Uncle,They Love Each Other,West La Fadeaway,Bird Song,Let The Good Times Roll,Scarlet Begonias,Help On The Way,Slipknot!,Fire On The Mountain,Cumberland Blues,Days Between,Not Fade Away,Black Muddy River,,,,,,
The Music Never Stopped,Easy Answers,Touch Of Grey,Tennessee Jed,Mr. Charlie,Black-Throated Wind,Cassidy,Dont Ease Me In,Here Comes Sunshine,Estimated Prophet,Eyes Of The World,Althea,Milestones,Going Down The Road Feelin Bad,Death Dont Have No Mercy,One More Saturday Night,Mighty Quinn,,,,,
Playing In The Band,The Wheel,"Iko, Iko",It Hurts Me Too,Ramble On Rose,Brown-Eyed Women,Let It Grow,Deal,Dark Star,El Paso,Uncle Johns Band,Casey Jones,Stella Blue,Sugar Magnolia,Ripple,,,,,,,
Mississippi Half-Step Uptown Toodeloo,Cold Rain And Snow,New Minglewood Blues,When I Paint My Masterpiece,Dire Wolf,Jack Straw,Sugaree,New Speedway Boogie,Bertha,Truckin,Dark Star,Terrapin Station,The Other One,Morning Dew,US Blues,,,,,,,
Shakedown Street,Samson And Delilah,Hes Gone,Big Railroad Blues,Lost Sailor,Saint Of Circumstance,Franklins Tower,China Cat Sunflower,I Know You Rider,St. Stephen,William Tell Bridge,The Eleven,All Along The Watchtower,Wharf Rat,Playing In The Band,Werewolves Of London,,,,,,
Let The Good Times Roll,Feel Like A Stranger,Next Time You See Me,Loser,They Love Each Other,Cassidy,Bird Song,Althea,Scarlet Begonias,Viola Lee Blues,Fire On The Mountain,Eyes Of The World,Standing On The Moon,Not Fade Away,Brokedown Palace,,,,,,,
Hell In A Bucket,Alabama Getaway,Friend Of The Devil,Row Jimmy,New Speedway Boogie,Dear Prudence,Dont Ease Me In,Deal,Comes A Time,Estimated Prophet,China Cat Sunflower,I Know You Rider,I Need A Miracle,Black Peter,Casey Jones,The Weight,,,,,,
The Music Never Stopped,Easy Answers,Tennessee Jed,Here Comes Sunshine,Loose Lucy,Mr. Charlie,Looks Like Rain,Going Down The Road Feeling Bad,The Other One,Uncle Johns Band,Help On The Way,Slipknot!,Franklins Tower,Cumberland Blues,Stella Blue,One More Saturday Night,Touch Of Grey,,,,,
"Iko, Iko",Cold Rain And Snow,Ship Of Fools,Big River,It Hurts Me Too,Black-Throated Wind,Jack Straw,US Blues,Bertha,Good Lovin,China Doll,Shakedown Street,Terrapin Station,Wharf Rat,Sugar Magnolia,Johnny B. Goode,,,,,,
Feel Like A Stranger,They Love Each Other,Me & My Uncle,Brown-Eyed Women,If I Had The World To Give,Dire Wolf,A Hard Rains Gonna Fall,Big Railroad Blues,Sugaree,Dark Star,St. Stephen,William Tell Bridge,The Eleven,Casey Jones,Death Dont Have No Mercy,Turn On Your Lovelight,Black Muddy River,,,,,
Let The Good Times Roll,Mississippi Half-Step Uptown Toodeloo,Bertha,Ramble On Rose,Dancing In The Streets,Playing In The Band,Scarlet Begonias,Deal,Fire On The Mountain,All Along The Watchtower,Morning Dew,Not Fade Away,Ripple,,,,,,,,,
Althea,Uncle Johns Band,Hes Gone,Brown-Eyed Women,Little Red Rooster,Jack Straw,One More Saturday Night,China Cat Sunflower,I Know You Rider,Estimated Prophet,Eyes Of The World,Milestones,Days Between,Help On The Way,Slipknot!,Franklins Tower,Brokedown Palace,Touch Of Grey,,,,
Let The Good Times Roll,Cassidy,Tennessee Jed,Must Have Been The Roses,Mr. Charlie,Looks Like Rain,Bird Song,Scarlet Begonias,Uncle Johns Band,Fire On The Mountain,Terrapin Station,New Speedway Boogie,Black Peter,Casey Jones,Ripple,,,,,,,
Shakedown Street,Cold Rain And Snow,Ramble On Rose,They Love Each Other,High Time,Let It Grow,Deal,Playing In The Band,Crazy Fingers,Althea,China Cat Sunflower,I Know You Rider,The Wheel,Stella Blue,,,,,,,,
Women Are Smarter,Bertha,Queen Jane Approximately,Brown-Eyed Women,Peggy-O,Cassidy,Sugaree,Deep Elem Blues,Help On The Way,Slipknot!,Franklins Tower,The Other One,Cumberland Blues,Death Dont Have No Mercy,Sugar Magnolia,Liberty,,,,,,
The Music Never Stopped,Easy Answers,Dire Wolf,El Paso,Row Jimmy,Jack Straw,Mississippi Half-Step Uptown Toodeloo,Here Comes Sunshine,Truckin,St. Stephen,William Tell Bridge,The Eleven,Milestones,Days Between,US Blues,Black Muddy River,,,,,,
Not Fade Away,New Speedway Boogie,Big Railroad Blues,Tennessee Jed,Friend Of The Devil,They Love Each Other,Dear Prudence,Dont Ease Me In,Scarlet Begonias,Estimated Prophet,Eyes Of The World,Fire On The Mountain,Turn On Your Lovelight,Morning Dew,Casey Jones,Althea,,,,,,
Bertha,Good Lovin,The Wheel,Black-Throated Wind,Mr. Charlie,Hell In A Bucket,Bird Song,Playing In The Band,Hes Gone,Uncle Johns Band,Terrapin Station,All Along The Watchtower,Standing On The Moon,Not Fade Away,Ripple,,,,,,,
Let The Good Times Roll,Feel Like A Stranger,Alabama Getaway,Me & My Uncle,It Hurts Me Too,Ramble On Rose,If I Had The World To Give,Deal,Sugaree,China Cat Sunflower,I Know You Rider,Dark Star,The Other One,Wharf Rat,Sugar Magnolia,The Weight,,,,,,
"Iko, Iko",Shakedown Street,Ship Of Fools,Brown-Eyed Women,Crazy Fingers,Here Comes Sunshine,Going Down The Road Feelin Bad,Truckin,Viola Lee Blues,Help On The Way,Slipknot!,Franklins Tower,Cumberland Blues,Stella Blue,One More Saturday Night,Brokedown Palace,,,,,,
Cold Rain And Snow,Loser,Dire Wolf,Lost Sailor,Saint Of Circumstance,Big Railroad Blues,China Doll,Let It Grow,Jack Straw,Althea,Scarlet Begonias,Touch Of Grey,Fire On The Mountain,Casey Jones,Black Peter,US Blues,Knockin On Heavens Door,,,,,
The Music Never Stopped,Easy Answers,Row Jimmy,Friend Of The Devil,Cumberland Blues,Cassidy,Mississippi Half-Step Uptown Toodeloo,St. Stephen,William Tell Bridge,The Eleven,Hes Gone,New Speedway Boogie,I Need A Miracle,Death Dont Have No Mercy,Good Lovin,Black Muddy River,,,,,,
Playing In The Band,Deal,All Along The Watchtower,Mr. Charlie,Ramble On Rose,They Love Each Other,High Time,Sugar Magnolia,Help On The Way,Slipknot!,Franklins Tower,Estimated Prophet,The Other One,Standing On The Moon,Sunshine Daydream,Ripple,,,,,,
Let The Good Times Roll,Shakedown Street,Bertha,New Minglewood Blues,It Hurts Me Too,Tennessee Jed,Bird Song,Jack Straw,Sugaree,China Cat Sunflower,I Know You Rider,Throwing Stones,Days Between,One More Saturday Night,Not Fade Away,US Blues,,,,,,
Samson And Delilah,Uncle Johns Band,Brown-Eyed Women,Touch Of Grey,Dire Wolf,Hell In A Bucket,Terrapin Station,Althea,Dark Star,El Paso,Eyes Of The World,Scarlet Begonias,Fire On The Mountain,Morning Dew,Not Fade Away,Brokedown Palace,,,,,,
Let The Good Times Roll,Playing In The Band,Feel Like A Stranger,China Doll,Brown-Eyed Women,Jack Straw,Casey Jones,Althea,Scarlet Begonias,China Cat Sunflower,I Know You Rider,Fire On The Mountain,Dear Mr. Fantasy,Hey Jude,Stella Blue,One More Saturday Night,Werewolves Of London,,,,,
St. Stephen,William Tell Bridge,The Eleven,Shakedown Street,Big Railroad Blues,Friend Of The Devil,Crazy Fingers,Dont Ease Me In,Deal,Dark Star,El Paso,Sing Me Back Home,Uncle Johns Band,Cumberland Blues,Death Dont Have No Mercy,Sugar Magnolia,Ripple,,,,,
Cassidy,Bird Song,Dire Wolf,When I Paint My Masterpiece,Tennessee Jed,Here Comes Sunshine,US Blues,Cold Rain And Snow,Estimated Prophet,Eyes Of The World,Terrapin Station,The Wheel,Standing On The Moon,Not Fade Away,Brokedown Palace,,,,,,,
Bertha,Good Lovin,New Speedway Boogie,Smokestack Lightning,Mr. Charlie,Ramble On Rose,They Love Each Other,High Time,Let It Grow,Sugaree,Truckin,Viola Lee Blues,Althea,The Other One,Wharf Rat,Turn On Your Lovelight,Casey Jones,,,,,
China Cat Sunflower,I Know You Rider,Hes Gone,Brown-Eyed Women,Foolish Heart,It Hurts Me Too,Lost Sailor,Saint Of Circumstance,Dear Mr. Fantasy,Hey Jude,Help On The Way,Slipknot!,Franklins Tower,Milestones,All Along The Watchtower,Going Down The Road Feelin Bad,Morning Dew,Terrapin Station,One More Saturday Night,,,
The Music Never Stopped,Alabama Getaway,Mississippi Half-Step Uptown Toodeloo,Jack Straw,Easy Wind,Black-Throated Wind,Bird Song,Box Of Rain,Scarlet Begonias,Playing In The Band,Uncle Johns Band,Fire On The Mountain,Spanish Jam,Hell In A Bucket,Black Peter,US Blues,Ripple,,,,,
Let The Good Times Roll,Cold Rain And Snow,"Iko, Iko",Ship Of Fools,Big River,Here Comes Sunshine,Cassidy,Deal,Looks Like Rain,St. Stephen,William Tell Bridge,The Eleven,Shakedown Street,I Need A Miracle,Death Dont Have No Mercy,Sugar Magnolia,Black Muddy River,,,,,
Women Are Smarter,Eyes Of The World ,Bertha,Next Time You See Me,Dark Star,Dear Mr. Fantasy,Hey Jude,Althea,Throwing Stones ,Brown-Eyed Women,Estimated Prophet,Sing Me Back Home,Truckin,All Blues,Cumberland Blues,Stella Blue,Not Fade Away,,,,,
Scarlet Begonias,The Wheel,New Speedway Boogie,Big Railroad Blues,Dancing In The Streets,Tennessee Jed,Sugaree,Casey Jones,Ramble On Rose,Help On The Way,Slipknot!,Franklins Tower,Days Between,Fire On The Mountain,One More Saturday Night,Brokedown Palace,Touch Of Grey,,,,,
Viola Lee Blues,Loose Lucy,Row Jimmy,Friend Of The Devil,They Love Each Other,Foolish Heart,The Other One,Dont Ease Me In,Lost Sailor,Saint Of Circumstance,Hes Gone,Terrapin Station,All Along The Watchtower,Standing On The Moon,Turn On Your Lovelight,The Weight,,,,,,
Mississippi Half-Step Uptown Toodeloo,Feel Like A Stranger,Cold Rain And Snow,New Minglewood Blues,China Doll,Jack Straw,Big River,Bird Song,Here Comes Sunshine,Playing In The Band,Uncle Johns Band,Supplication,China Cat Sunflower,I Know You Rider,Wharf Rat,US Blues,Ripple,,,,,
Deal,Shakedown Street,Big Boss Man,Must Have Been The Roses,Me & My Uncle,Mama Tried,If I Had The World To Give,Let It Grow,Let The Good Times Roll,Dark Star,Help On The Way,Slipknot!,Franklins Tower,Althea,Death Dont Have No Mercy,Not Fade Away,Sing Me Back Home,,,,,
Cumberland Blues,Bertha,Good Lovin,Crazy Fingers,Mr. Charlie,St. Stephen,William Tell Bridge,The Eleven,Brown-Eyed Women,Estimated Prophet,Eyes Of The World,Dear Mr. Fantasy,Hey Jude,Morning Dew,Knockin On Heavens Door,One More Saturday Night,,,,,,
The Music Never Stopped,Liberty,They Love Each Other,Loser,Alabama Getaway,"Iko, Iko",High Time,Cassidy,Jack Straw,Scarlet Begonias,Viola Lee Blues,Fire On The Mountain,The Other One,The Wheel,Black Peter,Sugar Magnolia,,,,,,
Women Are Smarter,New Speedway Boogie,It Hurts Me Too,Peggy-O,Cold Rain And Snow,China Doll,Throwing Stones,Dont Ease Me In,Sugaree,Playing In The Band,Uncle Johns Band,Terrapin Station,Sleepwalk,Going Down The Road Feelin Bad,Stella Blue,Turn On Your Lovelight,Black Muddy River,,,,,
Truckin,All Along The Watchtower,Here Comes Sunshine,Looks Like Rain,Brown-Eyed Women,Estimated Prophet,Deal,Samson And Delilah,Help On The Way,Slipknot!,China Cat Sunflower,I Know You Rider,Cumberland Blues,Days Between,Franklins Tower,Brokedown Palace,Casey Jones,,,,,
The Music Never Stopped,Dire Wolf,Friend Of The Devil,Foolish Heart,They Love Each Other,West LA Fadeaway,Lost Sailor,Saint Of Circumstance,Big Railroad Blues,Dark Star,El Paso,Hes Gone,Eyes Of The World,Hell In A Bucket,Dear Prudence,US Blues,Ripple,,,,,